track_name,artist_name,track_id,saved,simplified_genre
Komo_te.amo,Knxwledge,3d7RS9PRTPMZvpQQefESoe,FALSE,hip hop
with[reality],Knxwledge,4Ep74dfP28rj15kcqLcorC,FALSE,hip hop
do you,Knxwledge,3BiLAKUVkg1Vl7D0kcBo1H,FALSE,hip hop
Shookones,Knxwledge,1zBwTxRHP8FxvYfOMkU2B9,FALSE,hip hop
Nevrran_,Knxwledge,2yMV8VrCeXohkE5AZWQyly,FALSE,hip hop
watchwhoukallyourhomie,Knxwledge,0Y3ZB2CPEm2GfBc0UhAOOr,FALSE,hip hop
tkekareofit,Knxwledge,4Oxzqy53poltKbjtLHE54W,FALSE,hip hop
I Heard,Knxwledge,0UcYNTeGXilqjMBBCbb1Ce,FALSE,hip hop
H.A.N. (Remix),Knxwledge,2oUGp92UNGiuRaAOhAJCjz,FALSE,hip hop
todaitsyew,Knxwledge,3dDVPAWhpjutBjQCdXgT5O,FALSE,hip hop
Silly_,Knxwledge,6AZeSxelnuN0FszzDrd3Hf,FALSE,hip hop
Kntimagne,Knxwledge,1DYD0Hkmg82AbPlh9A0c4e,FALSE,hip hop
Her,Knxwledge,4QIG8RzgjRVyv4mIFOnR6g,FALSE,hip hop
Kerfew_,Knxwledge,775w41FG2dVZZgwdybAFzo,FALSE,hip hop
Upproom,Knxwledge,2CvXEOdPwxzw2oHq1uoz7b,FALSE,hip hop
feelin,Knxwledge,6svGdwsR4TW2J2bGOTQTpq,FALSE,hip hop
Ifulookin,Knxwledge,3NakdIEsdenT2kkHpE66mq,FALSE,hip hop
Enkounters,Knxwledge,40PFYN55q5IXVF4C2DsZpp,FALSE,hip hop
Livvin (Remix),Knxwledge,6hSjykidXxF9XSr4QKhjqp,FALSE,hip hop
Khadijah,Knxwledge,66YXnXYGfXFA6KAYeySWpL,FALSE,hip hop
kometostai.aintreallynootherwaytoputitro,Knxwledge,7oeNO6HoCTIHIuoNUp2Ur4,FALSE,hip hop
Skunk_,Knxwledge,0wPCrQLk0CeTCwUByVl5wB,FALSE,hip hop
Timebak,Knxwledge,0P1Y9Vvef4bzPtGyLMdVaR,FALSE,hip hop
Marygoround,Knxwledge,6C5tmAhETtRauegpjViq5F,FALSE,hip hop
Kaughtabodi.,Knxwledge,1sMarkjD2jRCZ7AFETVEAz,FALSE,hip hop
Whogives,Knxwledge,1FXsWBPKRDSUCSeEVHD0Th,FALSE,hip hop
Lift&uber,Knxwledge,5yVDxOXWqKjhm3V0jQlsrj,FALSE,hip hop
Another Time,Knxwledge,4UoOaaxDdx9ndmdg3mbc83,FALSE,hip hop
yourwelkome,Knxwledge,1Ou3mJUkUDsM5vGPwb3ybO,FALSE,hip hop
Myne,Knxwledge,55gVDfAr1BLJdXna0Obio4,FALSE,hip hop
Prayevryday,Knxwledge,2bAIDrrQOBGqPEB2oscoG5,FALSE,hip hop
Best One,Knxwledge,1IBPFXqn6qLeeiGMSyfBcA,FALSE,hip hop
bodies,Knxwledge,5TerHn4LNFFumriuT4uLhp,FALSE,hip hop
Fade,Knxwledge,1booAe5nU3Yvn8wqw11djN,FALSE,hip hop
Advanced Fiber,Knxwledge,5NV2r4EL3fb77F5DIWYRcP,FALSE,hip hop
Soulstar,Knxwledge,37hk6383i9JZNZNJZEZGp0,FALSE,hip hop
Bibimbap,Knxwledge,1LEia3erwVNetkY6ec2rCO,FALSE,hip hop
Intrw_,Knxwledge,2H5Uo4ibAoNeyNMZ2f93W1,FALSE,hip hop
uonlygetone,Knxwledge,6c6GOy5tB5bT47JGPwknNi,FALSE,hip hop
letuknow,Knxwledge,6vwowctSLGC6G1e0hSA7n4,FALSE,hip hop
Team.Srf,Knxwledge,1QpDCZGYNJFfdOzENPFLH1,FALSE,hip hop
KntBear,Knxwledge,1i4VQddcKkaYm05VnBxhkB,FALSE,hip hop
Epitome(JostLike),Knxwledge,2f3LfWHRb9PVF5C1X5RRsb,FALSE,hip hop
Ivekried_,Knxwledge,3tinUGV2uWWnaPvoBacOAZ,FALSE,hip hop
Whtiwant,Knxwledge,24S3c1mpP4nGE1PthGJwlO,FALSE,hip hop
thinkaboutit,Knxwledge,5wSohEDJymhyDnjiOK7Mxu,FALSE,hip hop
Wait,Knxwledge,7JqTCzUwyTQavdXz1xuazA,FALSE,hip hop
Oomph,Knxwledge,2iENVSpH6sE6sdQnDvbJzm,FALSE,hip hop
Dntleave,Knxwledge,291TFB6VWg9ZbQVqvGrbp2,FALSE,hip hop
Hula Hula Hideout,The Growlers,7JErVGWKbltd775fKogyWH,FALSE,rock
Tune Out,The Growlers,1an7Z7JpTWMD3fxTiXTUlr,FALSE,rock
The Moaning Man From Shanty Town,The Growlers,53Bs1gIqeYMMHiP6zSsqHW,FALSE,rock
Natural Affair (Extended Version),The Growlers,2ZQkvwBstOItafSwqz003n,TRUE,rock
Speed Living,The Growlers,6vaB3UAaU8I1pk9E1SXvv9,TRUE,rock
When You Were Made,The Growlers,47WtMNT8S9n3eqsCn076Bf,FALSE,rock
Old Cold River,The Growlers,0EeeEb7UFve93BcYhhtxiZ,FALSE,rock
Ego Of Man,The Growlers,75SyI5Pl4cBuNf7ONqDmKd,FALSE,rock
Black Memories,The Growlers,571hDJQ2yYvOlvEZy6F00V,TRUE,rock
Social Man,The Growlers,1yyJD40ALBKOca5GWXjXhS,FALSE,rock
Pulp of Youth,The Growlers,576NDn0x4Q3eOrO5kWyMYL,FALSE,rock
Lenny Sinpablo Juliano 36th,The Growlers,7pERO9XQGEVW3HeJbZz1re,FALSE,rock
Pavement and the Boot,The Growlers,7dbjO9uZ6UM31N3OFu2udq,FALSE,rock
Dream World,The Growlers,3HlM5CBcbCjbSupnIB42d4,FALSE,rock
Stupid Things,The Growlers,3foi0kARwLPrv61KGH94eS,FALSE,rock
Vacant Lot,The Growlers,7iUVxquWTWpD2wlztBL3sS,TRUE,rock
Drop Your Phone in the Sink,The Growlers,7fkWgq7xEnFc5NP71sMbdN,FALSE,rock
Pretend I'm Gay,The Growlers,2PwRpnoAAXQUWRXeeYjCs3,FALSE,rock
Camino Muerto,The Growlers,0sLcJqqQLYofIlgKtmPl8Z,TRUE,rock
Try Hard Fool,The Growlers,2HMTLM3uA0NsOU1IkNufSj,FALSE,rock
Naked Kids,The Growlers,0THSRc1W4Xqv08PyUDtzj4,FALSE,rock
Tijuana,The Growlers,4EOE1pknoe9djM3hVPKfaZ,FALSE,rock
Good Advice,The Growlers,1cPtXxIS4nw3y7uFQj27wP,FALSE,rock
Humdrum Blues,The Growlers,44naxxtw2fww4u8ZnquTLX,FALSE,rock
Problems III,The Growlers,7wmYgsLNRB9EpqpvR3hkvN,TRUE,rock
Dream World (Acoustic Version),The Growlers,7BZv6DZp8k2EUa0YXptnGW,FALSE,rock
Magnificent Sadness,The Growlers,34jdhFmqLhulKUqs26Lope,FALSE,rock
Die and Live Forever,The Growlers,4mb3Kdr6vVknYITGugH7jV,FALSE,rock
Nosebleed Sun,The Growlers,7uaD7DuPB9GRVqxnheOJPU,FALSE,rock
Astral Plane,The Growlers,0uKUIbVpcUIcUBLW5A27fK,FALSE,rock
Dogheart II,The Growlers,6A7rPkB6VfNBkD9Tdlz5Py,FALSE,rock
Shadow Woman,The Growlers,35ezNqEddA4MPcfRkOVUDK,FALSE,rock
Long Hot Night (Halfway to Certain),The Growlers,3nrEWp6yteht5wzOssn7JF,TRUE,rock
Monotonia,The Growlers,58uDCyprC3aa3x70fUv8dk,FALSE,rock
Underneath Our Palms,The Growlers,7B0lsy6YehjFbMejYSbZ2s,FALSE,rock
Lonely This Christmas,The Growlers,6bxu9qsLzM00PIpwqVgsGr,FALSE,rock
Rubber & Bone,The Growlers,7jpObB0wAKCYUbrvsTCWpL,FALSE,rock
Try Hard Fool,The Growlers,2RO4CbCaSq8vjrUOegjhyg,FALSE,rock
Neverending Line,The Growlers,7h96i47SmWyhONkTHt2HQh,TRUE,rock
Something Someone Jr.,The Growlers,4Aw5yVhqderXv6fkNCDUG4,TRUE,rock
Parabolic Reflector,The Growlers,5K2le7TRlk1wqb60b92O0X,FALSE,rock
Foghorn Town,The Growlers,35OFTeFKtvJG9uVonMsmZa,FALSE,rock
"Thug Passion (ft. Jewell, Outlawz, The Storm)",2Pac,3aL7uOGU9S77L4pfFr43Es,FALSE,hip hop
Better Dayz,2Pac,5dRCujBQZQq6dlkCaGDMV0,FALSE,hip hop
Thugs Get Lonely Too,2Pac,7D7XFT6clDMVDP6q3QM16V,FALSE,hip hop
Everything They Owe - Album Version (Edited),2Pac,5qAV4lU4CFcNfO4VYI1Y44,FALSE,hip hop
Until The End Of Time,2Pac,5avQSAKB1dOEeIQBqV4jgW,FALSE,hip hop
i get around - lofi,2Pac,1xerYk8J34Hkl9V2lWXpoo,FALSE,hip hop
Hands on My 45,2Pac,0WKqtwxfxpvRtNKNIZ9oko,FALSE,hip hop
ghetto gospel - lofi,2Pac,0y9H6j0WYUapZPTdmT30OT,FALSE,hip hop
Dear Mama,2Pac,6tDxrq4FxEL2q15y37tXT9,FALSE,hip hop
The Shiznit - Live,2Pac,42sfuiuuleu0hwI90c4gg1,FALSE,hip hop
Panther Power,2Pac,5Ivh88q8RNTPuBbkJI6f6D,FALSE,hip hop
Freek'n You - Live,2Pac,6D6DrOhfOHXypIZ7UJ4F43,FALSE,hip hop
Out On Bail,2Pac,6GgRMZPuHb7cPkyWBiSFdf,FALSE,hip hop
4 Life,2Pac,4U4jmfTgRkSuFCF2SO7yjh,FALSE,hip hop
papa'z song - lofi,2Pac,7oXXMuOzIIwWk2oJorK2Sv,FALSE,hip hop
Fuck The World,2Pac,3oRcZ0wdQQJXYKQjIUawyg,FALSE,hip hop
How U Like That,2Pac,5ZD6tmgescY5SOhSZmTjj7,FALSE,hip hop
changes - lofi,2Pac,48c0IQHjMzz0ZVjObrCs9K,FALSE,hip hop
Keep Ya Head Up - Madukey Remix,2Pac,0aEdckNkNgk57fHdj4kGCV,FALSE,hip hop
U Don't Have 2 Worry,2Pac,1ZchZoTPZtiFodEUJbKLQh,FALSE,hip hop
strictly 4 my n.i.g.g.a.z... - lofi,2Pac,0WWtQROcg6LmBKpWqhBUnl,FALSE,hip hop
Soon As I Get Home,2Pac,3Vt89nokRNoQyafkZ4kJF0,FALSE,hip hop
Strugglin',2Pac,0iVHiCM2sY9C0l1EBbGnp3,FALSE,hip hop
Part Time Mutha,2Pac,6zpaz2y4g2BXRNatfgmS2Z,FALSE,hip hop
Something Wicked,2Pac,6fWfEtd3vk6nMWnXgh3GYd,FALSE,hip hop
"All About U (ft. Nate Dogg, Snoop Dogg, Fatal, Yani Hadati)",2Pac,3j9UIPpivEXyfV67agjXKH,FALSE,hip hop
Temptations,2Pac,1PU3Hy2uNXmWGDe9gh4Ukb,FALSE,hip hop
Don't Sleep,2Pac,4thxI2KSGykuykiLJjMslo,FALSE,hip hop
Runnin' (Dying To Live),2Pac,3jdh7YQBCxykbhL7z0Ehu5,FALSE,hip hop
If We All Gonna Fuck - Live,2Pac,5MkBZVpPf97MDxYyPQ4Ap7,FALSE,hip hop
Ghetto Gospel,2Pac,7jLbTp3qZzah9kMIdW8e5M,FALSE,hip hop
representin' 93 - lofi,2Pac,53eCPmL42JgePQAyWZRxlE,FALSE,hip hop
When I Get Free,2Pac,6QvBx8sWZPjMLQ2I2HKNjF,FALSE,hip hop
Old School,2Pac,4GGbJ60q5HIN8wKOp9Xabz,FALSE,hip hop
The Streetz R Deathrow,2Pac,3wVmf4THZbqc7WItW8SltZ,FALSE,hip hop
How Do You Want It - Live,2Pac,50wkjqbOcg6xQh7SLLZwqw,FALSE,hip hop
My Closest RoadDogz,2Pac,3VHCDVEsudWcxprbQW6s1q,FALSE,hip hop
My Block - Nitty Remix,2Pac,2qcllSUyD3gKbfh9NEjARW,FALSE,hip hop
Some Bomb Ass (Pussy) - Live,2Pac,0262Etlk0AO6Lo4wOjc9Db,FALSE,hip hop
Time,2Pac,0EaojXV6vHWfbpFZs84WCP,FALSE,hip hop
Holler If Ya' Hear Me - New York Stretch Mix,2Pac,0ym6slNFdcf74u7GHUasFT,FALSE,hip hop
Pac's Theme - Interlude,2Pac,7eP6iCYlrHU4WzwYifgrwP,FALSE,hip hop
Bury Me A G,2Pac,28QHuLOigDgLCJr2FOetP8,FALSE,hip hop
old school - lofi,2Pac,3C0P8K6xq9KlWmAH6cz7P1,FALSE,hip hop
Holler If Ya' Hear Me,2Pac,444CF7V9XOBxprNooMTuMO,TRUE,hip hop
Definition Of A Thug Nigga,2Pac,3eI66NAcGuiWT7GPh7xL3u,FALSE,hip hop
Souljah's Revenge,2Pac,5I742Csv8zl0t9YWabOaFj,FALSE,hip hop
Ballad Of A Dead Soulja - Album Version (Edited),2Pac,3SQisDJFheAfhBRd0FUjhj,FALSE,hip hop
The Realist Killaz,2Pac,7jvDt4y1Sz20QA9GneImeg,FALSE,hip hop
Good Life - Album Version (Edited),2Pac,4u6pOblbt2smQuVB1jP4FR,FALSE,hip hop
Gotta Have It,Kanye West,2aqe2NgAwmMlPgtf1MnGoy,FALSE,hip hop
Lost In The World,Kanye West,2Im64pIz6m0EJKdUe6eZ8r,FALSE,hip hop
The Joy,Kanye West,6SaPAcPPnp0Wq3IUxcwHNe,FALSE,hip hop
Intro,Kanye West,7lIr3vVhpDkU5mQEDcnA0S,FALSE,hip hop
Follow God,Kanye West,2QpGZOhTCHHiKmpSO9FW4h,FALSE,hip hop
Everything I Am,Kanye West,0NrtwAmRAdLxua31SzHvXr,FALSE,hip hop
Donda Chant,Kanye West,7eSSmgq26BXr7xay3WKjfi,FALSE,hip hop
Lift Off,Kanye West,4TRUsIZw92IhJjAtxtiC4e,FALSE,hip hop
Freeee (Ghost Town Pt. 2),Kanye West,7GRTrWsP3yo2Fx8umJfA1X,FALSE,hip hop
"CARNIVAL (feat. Rich The Kid, Playboi Carti) - ACAPELLA",Kanye West,0Ae9Hnx8tgPhncJ9fjkQAy,FALSE,hip hop
I Am A God,Kanye West,0HMCdlOPJkAGlB0MlSWIcO,FALSE,hip hop
Homecoming,Kanye West,4iz9lGMjU1lXS51oPmUmTe,TRUE,hip hop
All Mine,Kanye West,3U21A07gAloCc4P7J8rxcn,FALSE,hip hop
Ni**as In Paris,Kanye West,1auxYwYrFRqZP7t3s7w4um,FALSE,hip hop
Feedback,Kanye West,49fT6owWuknekShh9utsjv,FALSE,hip hop
Breathe In Breathe Out,Kanye West,4KFY4EEv9CN6ivrzD6vEvg,FALSE,hip hop
Selah,Kanye West,39JRmdKFka1Oe09FoOCPI4,FALSE,hip hop
Guilt Trip,Kanye West,5nPOM0nFRAJ3XI8xCxNAzO,FALSE,hip hop
God Breathed,Kanye West,5JaSg0AYyAMMLjyGGDrrCm,FALSE,hip hop
Real Friends,Kanye West,66Q3fAmSX5eHamgbKa9alP,FALSE,hip hop
Hands On,Kanye West,7r6aR2f57resC5r93LwMfK,FALSE,hip hop
Black Skinhead,Kanye West,722tgOgdIbNe3BEyLnejw4,FALSE,hip hop
GOOD (DON'T DIE),Kanye West,3Bhcq2VkdOXPTZYX7BzQt0,FALSE,hip hop
Skit #1,Kanye West,164al00XRSLWG6h4hc12bD,FALSE,hip hop
Closed On Sunday,Kanye West,3JWiDGQX2eTlFvKj3Yssj3,FALSE,hip hop
Workout Plan,Kanye West,2a1JSfTePKhysdIif2bzut,FALSE,hip hop
No Church In The Wild,Kanye West,1jIfaHx4jUl1mqdig9wUra,FALSE,hip hop
Junya,Kanye West,1jgcODbfAL3tV7tikF6n1j,FALSE,hip hop
Celebration,Kanye West,7jAxGkXU58FwNMjqoMahn7,FALSE,hip hop
Heartless,Kanye West,4EWCNWgDS8707fNSZ1oaA5,FALSE,hip hop
Who Will Survive In America,Kanye West,4e5IPJxSGVWPsaxQzdRseN,FALSE,hip hop
Donda Chant,Kanye West,3xQTo7wPYHZtFbHAoygz2c,FALSE,hip hop
Say You Will,Kanye West,5e5MKPtJuFb8NaeSEyV5gD,FALSE,hip hop
Life Of The Party (with André 3000),Kanye West,2yBb1CRq98SSWRuDSn36SZ,FALSE,hip hop
Keep My Spirit Alive,Kanye West,7EagormFign5ag6f16ua3I,FALSE,hip hop
Who Gon Stop Me,Kanye West,5vqGzocoPjRQLsnL7UBOpE,FALSE,hip hop
Keep My Spirit Alive,Kanye West,5zO3iS6KgrXA20ZXc9zMdI,FALSE,hip hop
Wouldn't Leave,Kanye West,1nGoy0cEj0extAwXYNYTWd,FALSE,hip hop
Why I Love You,Kanye West,4bDPr2VAjcfgUDmN9dGOC3,FALSE,hip hop
TALKING,Kanye West,6J4rRj2uVfziGMyfrPEPLo,FALSE,hip hop
Ultralight Beam,Kanye West,1eQBEelI2NCy7AUTerX0KS,FALSE,hip hop
Welcome To The Jungle,Kanye West,5oXniOwyoZL3XB1C4xuiU1,FALSE,hip hop
Believe What I Say,Kanye West,0JuSGEldfovcc8IS9va1wa,FALSE,hip hop
Never Let Me Down,Kanye West,34j4OxJxKznBs88cjSL2j9,FALSE,hip hop
Blame Game,Kanye West,4EndPA8b6FDWYp1RgsnLEB,FALSE,hip hop
Who Gon Stop Me,JAY-Z,5vqGzocoPjRQLsnL7UBOpE,FALSE,hip hop
Change The Game,JAY-Z,5Vyw16U5k4bpGaRqfzyyMo,FALSE,hip hop
Renegade,JAY-Z,5xlYBSJoj6JNVKkcKHeV1o,FALSE,hip hop
Blue Magic,JAY-Z,3E8mkgsexzpLBGd6o4iCGC,FALSE,hip hop
Hate,JAY-Z,4GL8l2w8FmIVFOJFPStfWI,FALSE,hip hop
A Dream,JAY-Z,4jLZCdmYi3Vwq4ocyQD9fn,FALSE,hip hop
No Church In The Wild,JAY-Z,1jIfaHx4jUl1mqdig9wUra,FALSE,hip hop
What They Gonna Do Part II / La-La-La (Excuse Me Miss Again) / Stop,JAY-Z,2pgHrPb5k0DrUe5iQRaUla,FALSE,hip hop
Threat - A Cappella (Explicit),JAY-Z,1HCGWO11t5FnBx4G6SG4WZ,FALSE,hip hop
A Week Ago,JAY-Z,4icIWz2jQbEbeIYVWDfTZa,FALSE,hip hop
What We Talkin' About,JAY-Z,16fUYz4496iiTyzpXIH02y,FALSE,hip hop
Minority Report,JAY-Z,7vMderujTrAU2Wb6a8G98X,FALSE,hip hop
Kingdom Come - Live From The Hangar Tour,JAY-Z,4iwhxzLjJx8lFDMYVEhM4a,FALSE,hip hop
Illest Motherf***** Alive,JAY-Z,7t259tTXkuNVfxdQcnEagh,FALSE,hip hop
Ignorant Sh*t - A Cappella,JAY-Z,1z2JzWLQVmyxGLma6qH3Kq,FALSE,hip hop
Blueprint (Momma Loves Me),JAY-Z,3smkxcGw6oWdvthysRvI3x,FALSE,hip hop
All Around The World,JAY-Z,2fX5fLE5nZBrvmZj6zYA48,FALSE,hip hop
Guns & Roses,JAY-Z,2qcHaNHfGmX77BQdAtujvY,FALSE,hip hop
99 Problems,JAY-Z,7sLpSWxQazJzDVG6YGzlVs,FALSE,hip hop
Some How Some Way,JAY-Z,2ZLaXSePA2ajf2EBATGMYz,FALSE,hip hop
Heart Of The City (Ain't No Love),JAY-Z,7BeL1jdc9qCq2sXydWrryr,FALSE,hip hop
Hola' Hovito,JAY-Z,0W21WNUZMhm2uynp7LSjmB,FALSE,hip hop
So Ghetto,JAY-Z,76NzgCXGhwGFon40a8yHBv,FALSE,hip hop
Legacy,JAY-Z,3p2O5DDqlWdaR1l4wsHn9R,FALSE,hip hop
So Ambitious,JAY-Z,0Oi1wJRbRy3ZP5phE9kNMC,FALSE,hip hop
S. Carter,JAY-Z,2dZufvUzNwLPeRVwjkmG4d,FALSE,hip hop
Nickels And Dimes,JAY-Z,7ijXITJ7C9HgpU65GHs2Zr,FALSE,hip hop
Can I Get A... - Live On MTV Unplugged / 2001,JAY-Z,7HjdlG4YhyHfZcGCx3HY7s,FALSE,hip hop
Fallin',JAY-Z,2ZOz2GpB1LOEZTOUJk8A3V,FALSE,hip hop
Intro,JAY-Z,1xjslJ1SdaJfnhCmR1tBa6,FALSE,hip hop
The Watcher 2,JAY-Z,0GKogdQ0O6tgHfswinGVHn,FALSE,hip hop
"You, Me, Him And Her",JAY-Z,7tu5qaPBGFaqUfhrKUP6M7,FALSE,hip hop
Young Forever,JAY-Z,35srNkJVToAzYiZzron1FY,FALSE,hip hop
Otis,JAY-Z,14I61w6cyYUHiV2n28IYdP,TRUE,hip hop
I Just Wanna Love U (Give It 2 Me) - Live From The Hangar Tour,JAY-Z,3nccmQWhfev5xoLAhpcKMh,FALSE,hip hop
"Girls, Girls, Girls - Live On MTV Unplugged / 2001",JAY-Z,3uO707a5S9MW5RudQkNr8i,FALSE,hip hop
Welcome To The Jungle,JAY-Z,0y0imMk6KsO90MaHG4MVAl,FALSE,hip hop
Welcome To The Jungle,JAY-Z,5oXniOwyoZL3XB1C4xuiU1,FALSE,hip hop
The Ruler's Back,JAY-Z,3rGRXvbwTJ6YaD9ZThxNW2,FALSE,hip hop
The Ruler's Back,JAY-Z,3vpuimAEAtLmoGmruMVNft,FALSE,hip hop
Anything,JAY-Z,4ACru9MPI6lgmRg7lbMPoK,FALSE,hip hop
U Don't Know,JAY-Z,5wuCd4EGk0CLqQmUtYbtst,FALSE,hip hop
Why I Love You,JAY-Z,1xUGUTWQNqQzYOX1mkAlFw,FALSE,hip hop
The Bounce,JAY-Z,6oHpLl0XdlbYJuGLDiREfe,FALSE,hip hop
Big Pimpin',JAY-Z,7m97yKVzPpXV9Z4ezEziOD,FALSE,hip hop
F.U.T.W.,JAY-Z,26ZXwyyui0YVpWZchlmB9h,FALSE,hip hop
All I Need,JAY-Z,0eQWCWetpAE7uuP2RCThpF,FALSE,hip hop
99 Problems - A Cappella (Explicit),JAY-Z,56F8DMHkLaTNE40UBkVxxb,FALSE,hip hop
Hard Knock Life - Live On MTV Unplugged / 2001,JAY-Z,4LcHNwXL7GVdkMai8AkhUz,FALSE,hip hop
Until We Rich,Ice Cube,0ZTuL7pD4mErr1IGtUARXF,FALSE,hip hop
I Gotta Say What Up!!!,Ice Cube,1acri8RYMypCXgxcvDLqpS,FALSE,hip hop
Lil Ass Gee - Remix,Ice Cube,0SgOPnPZuwPzYbHFO5Vc6c,FALSE,hip hop
Motto,Ice Cube,5yF6EN9Ec6kW3XgDT3VMSy,FALSE,hip hop
Why Me?,Ice Cube,4eBRbgGxQXpfPajcDeNHRV,FALSE,hip hop
Big Subwoofer,Ice Cube,2mgQbrZyxN3Dza5CvtNfwe,FALSE,hip hop
What Is A Pyroclastic Flow?,Ice Cube,3KvCSSSUHQck6c4ZkYvfvD,FALSE,hip hop
Roll All Day,Ice Cube,5JKt1BFKSVBFDSkL0TbuXn,FALSE,hip hop
Ghetto Bird,Ice Cube,50wJ7ApU8QbOKuNBIndOtk,FALSE,hip hop
You Can Do It,Ice Cube,4NTn0Yo8hTGW5tbBANBzfh,FALSE,hip hop
Go To Church,Ice Cube,4fF8l8ODWceeBL96o5rMcg,FALSE,hip hop
Gotta Be Insanity,Ice Cube,5iv6y54SjhD3lELCeay4SD,FALSE,hip hop
Endangered Species (Tales From The Darkside),Ice Cube,0ce0IMri055V8kqyS5FD0U,FALSE,hip hop
I Got My Locs On,Ice Cube,2rt7TbbewJZEV0MxXDxjx1,FALSE,hip hop
Man's Best Friend,Ice Cube,6NJIRRIOVZEaZOSbPEJMxa,FALSE,hip hop
Do My Best,Ice Cube,2IRC2rnO4V0fY4wNvN52Ha,FALSE,hip hop
Chrome & Paint,Ice Cube,54buFzKB7sjhntU6JoUo3P,FALSE,hip hop
When Will They Shoot?,Ice Cube,2KKgXL0jDnbF1EHj74hRIX,FALSE,hip hop
I Got Pull,Ice Cube,2ya39cEbGKq9pKnqOx35qh,FALSE,hip hop
Color Blind,Ice Cube,1giDTOgzHggiIDBviocpet,FALSE,hip hop
Up & Down,Ice Cube,60hwkBd6YuHTlhWN9M7pGW,FALSE,hip hop
Tomorrow,Ice Cube,1hAkC2i857nh1FtEIo7T0z,FALSE,hip hop
Take Me Away,Ice Cube,7zkWUkoTnBEmF1mAqWylVF,FALSE,hip hop
When Will They Shoot?,Ice Cube,54sZxcHbQubdbmjEdAFp7w,FALSE,hip hop
Integration,Ice Cube,2dk7BpMVTYpcFu1CHG5UCp,FALSE,hip hop
Death,Ice Cube,1adghZYRjKYmgu3Qivqhbj,FALSE,hip hop
Dirty Mack,Ice Cube,0YA7159LkCsQVVCB3OCoMf,FALSE,hip hop
It Takes A Nation,Ice Cube,35sTnIGxofSPnaIfJKgWmJ,FALSE,hip hop
Us,Ice Cube,5QEt223OjYhnBYhoMWEuA9,FALSE,hip hop
Pushin' Weight,Ice Cube,1Lol4oIE5ruatEyhzu7Mw9,FALSE,hip hop
Jack N The Box,Ice Cube,26DEEL3w84yIul5dT9Rq99,FALSE,hip hop
X-Bitches,Ice Cube,1qRjkKfIp2di9K0dcyISmR,FALSE,hip hop
What Can I Do? - Remastered,Ice Cube,6DK9RTJx8xXnfWLDxcro42,FALSE,hip hop
Enemy - Remastered,Ice Cube,5gCfTtAD82dwAWAJs06Xsy,FALSE,hip hop
Growin' Up,Ice Cube,2wKbamR0CPuWM4eu0aq3Bt,FALSE,hip hop
Jackin' For Beats,Ice Cube,6BhtJJzSnqOZAbvOXxPYoZ,FALSE,hip hop
Waitin' Ta Hate,Ice Cube,2fP4dgJpK8NkJfAbBc5VZc,FALSE,hip hop
Tomorrow,Ice Cube,2S5rZZGm9nRoFVI0qoBYl0,FALSE,hip hop
Stand Tall,Ice Cube,39wwcNzsy66S9kGfR1w3KR,FALSE,hip hop
The Peckin' Order,Ice Cube,7g0RDJQ1UDXtMU3aCHTpWQ,FALSE,hip hop
Have A Nice Day,Ice Cube,5mFPgTdVrdqGuxdTh5Fgmj,FALSE,hip hop
Cold Places,Ice Cube,3ZQcaOM65okByljCV7xdBi,FALSE,hip hop
"Click, Clack - Get Back!",Ice Cube,4l3ucO4UCnpL4ZoAoHFWYc,FALSE,hip hop
The Bomb,Ice Cube,5dNfZxRbOOjVu9sNYQGpHB,FALSE,hip hop
Definition Of A West Coast G' - Intro,Ice Cube,7owXRgsbkK5fhehTqIGMal,FALSE,hip hop
How Many,Ice Cube,2IWdU0ic84WDgaXV1BU8rK,FALSE,hip hop
The Wrong Nigga To Fuck Wit,Ice Cube,5rNf0XPyV3tw8lKrFWuItq,FALSE,hip hop
Steal The Show,Ice Cube,5VvvqruigadKqCvF54AHeW,FALSE,hip hop
Man's Best Friend,Ice Cube,5xDHsxl4Aq6HAH8gKK1hUB,FALSE,hip hop
Gotta Be Insanity,Ice Cube,2oI6uv8BSfv0FxK3oPvKBH,FALSE,hip hop
Mercy Mercy Me (The Ecology),The Strokes,49jMdoagrgo0PUc6DkVaZV,TRUE,rock
Hawaii - Juicebox B-Side,The Strokes,6s9oj6aPupVSA1CSaaVZZL,TRUE,rock
Juicebox,The Strokes,2hcDYqyw8L7zJaZ6n8dzIZ,FALSE,rock
You're So Right,The Strokes,22iKX3jvZwZNW7RlrwQ822,FALSE,rock
All The Time,The Strokes,7uFZNMEZzAGOwQ6EZID1K4,FALSE,rock
Hard To Explain,The Strokes,0OM9ri37LIbPc9hffwsyb1,TRUE,rock
50/50,The Strokes,5MPryR3oJGmWnSYM7X2GGE,FALSE,rock
"Clampdown - The End Has No End B-Side / Live at Alexandra Palace, London, UK - Dec. 5, 2003",The Strokes,2NpASZ796KewPmSDMHDhPN,FALSE,rock
Brooklyn Bridge To Chorus,The Strokes,2mDYYGaGd9uXKkK2YhDA3i,TRUE,rock
80's Comedown Machine,The Strokes,2lffRiAET2Xt6BNb4EmkS2,FALSE,rock
The End Has No End,The Strokes,0dy6iXYIF0piirySAzCBwF,FALSE,rock
New York City Cops - Live In Iceland,The Strokes,3TncnxLqScys0f0XGhTHi9,FALSE,rock
Vision of Division,The Strokes,0Tvl6Dhee6vjz65sS3KKkK,FALSE,rock
Last Nite,The Strokes,3SUusuA9jH1v6PVwtYMbdv,FALSE,rock
"Taken for a Fool (feat. Elvis Costello) - Live from Madison Square Garden, New York, NY - April 2011",The Strokes,3xniF5SsLKBK3lzMyO5JOw,TRUE,rock
Last Nite,The Strokes,03ev8WBPzDr9KJDdNhSHz9,FALSE,rock
Partners In Crime,The Strokes,2ncRH1zCER8iHXYhlHXyam,TRUE,rock
The Way It Is,The Strokes,5MZBOcqI3Vpvp2PZy6ddyD,FALSE,rock
Ode To The Mets,The Strokes,1BLOVHYYlH4JUHQGcpt75R,FALSE,rock
Hard To Explain,The Strokes,0ILknNMr0j0cCFKv6rcG12,FALSE,rock
Reptilia,The Strokes,1Sl4OsD0F6Iy91YBDQyOzl,TRUE,rock
The End Has No End,The Strokes,5aAOtPhYRXlBE5H3mboB8v,FALSE,rock
The Adults Are Talking,The Strokes,5ruzrDWcT0vuJIOMW7gMnW,FALSE,rock
"Alone, Together - Home Recording - Someday B-Side",The Strokes,4Nv3DAqf83IReHmClSH00V,TRUE,rock
15 Minutes,The Strokes,0Sqi2XLLVk5JGfZnFnidM2,FALSE,rock
Gratisfaction,The Strokes,69YCkfZS0aOjEUPwQ4zCZ9,FALSE,rock
The Modern Age - Rough Trade Version,The Strokes,5KIYVXGdws1ZhZYNJHo0st,TRUE,rock
Is This It - Home Recording,The Strokes,1eRgKMvLN8Dfoec8G2slAG,FALSE,rock
Under Cover of Darkness,The Strokes,6u0x5ad9ewHvs3z6u9Oe3c,TRUE,rock
"Alone, Together - Home Recording",The Strokes,7qDiRYJqParOH6E7FFfmnx,TRUE,rock
Modern Girls & Old Fashion Men - Reptilia B-Side,The Strokes,5hNW46qZA7BcZ2qf6lbhNm,TRUE,rock
Biomega,No Buses,4n9mFpdyJDPUcSJplVQUsq,FALSE,rock
Ill Humor,No Buses,3ZWPE72rn7gB2uHFe5s0HJ,FALSE,rock
Sleepswimming,No Buses,5PgROOq39N1n8QfTDEvIuO,FALSE,rock
Ecohh,No Buses,7kMPe6SLVPtqJcrvvsNHTQ,FALSE,rock
Having a Headache,No Buses,1QinYnsNApMjbqaciWrhks,FALSE,rock
Very Lucky,No Buses,37d4pBYZsEOocIWc9627f4,FALSE,rock
Is It Strange,No Buses,4vd7dalFypovm2sfpbWcge,FALSE,rock
Home,No Buses,7GbNB9IGxXN9QiX8x83TXI,FALSE,rock
Girl,No Buses,2ysUlv7HWK44iY0R9FOJrp,FALSE,rock
Ecohh (Cwondo Remix),No Buses,7bTDl9bcfayySfGHZtvXPn,FALSE,rock
Dirty Feeling,No Buses,0KLBbT8m50m9XJg10yRv9s,FALSE,rock
Little Boy,No Buses,3dwwFGgHTng2uY6ScnSJHD,FALSE,rock
Yellow Card,No Buses,3Z9mBULpFX6nXLSprYJJdf,FALSE,rock
Not Healthy,No Buses,1QQtx4HGUxa6M2VHl80Phe,FALSE,rock
Rubbish:),No Buses,6UpD7gddWzNbCaxpJAsDOm,FALSE,rock
Home,No Buses,68d7uzqAa2MmJqBZxpVK2v,FALSE,rock
Them Us You Me,No Buses,3KHBNhUmAoyb3AEbWgVYjd,FALSE,rock
Stopstopstop,No Buses,7anlKmDzahsUb5dlDhrYYr,FALSE,rock
Freezin,No Buses,4sN3qkMA28Jb5eEGCx950l,FALSE,rock
Medicine,No Buses,0h7zevaLk8OdTcnjlY95dk,FALSE,rock
Non Fiction feat. No Buses,No Buses,4KOCRs3qRTJ4XlsVF2WuqY,FALSE,rock
Number Four or Five,No Buses,3VMuTwStYt5FsacVTL9Vjc,FALSE,rock
Cup of Coffee,No Buses,3Qykcp42F5WogF6jonxOqK,FALSE,rock
I'm With You,No Buses,6saLahiLYYPH5yHLuGNnB5,FALSE,rock
Little boy,No Buses,257bU0L8oXotkwxQJp0Mhc,FALSE,rock
I'm With You,No Buses,2K4goyAH4A39JmYjS2tTTB,FALSE,rock
Cut My Nails,No Buses,3h1hmSl20HL3a8ewUk9lOW,FALSE,rock
Daydream Believer feat. BIM,No Buses,4fA0MAm36U4x4B3gb9qE36,FALSE,rock
Having a Headache,No Buses,5vCNNlX4hmGAfrXBQ20I6R,FALSE,rock
Eyes,No Buses,5hztfJs7VAjS4c4IWc3lZc,FALSE,rock
Mate,No Buses,6bfHB4JYgC1v97eOaNnTVu,FALSE,rock
Sunbeetle,No Buses,4nrdKOChOn750sd3tI40OE,FALSE,rock
"Slip, Fall, Sleep",No Buses,51pRq5I1NMSMQ8naIsOedi,FALSE,rock
Imagine Siblings,No Buses,7AeBTIROhr9YpDXsvDB4Cv,FALSE,rock
Untouchable You,No Buses,53Gs2a7kV4h6tBN0fCTtUY,FALSE,rock
Rat,No Buses,1gXieiDJESAcwlURV5kcyW,FALSE,rock
Them Us You Me,No Buses,6cqBjJ92lGcDyjmmfOCeoH,FALSE,rock
Number Four or Five‬,No Buses,6CPwLDN1ehfaxK4Johttnf,FALSE,rock
In Stomach,No Buses,4qDclFiEYgZDtDtUNRw9ia,FALSE,rock
Playground,No Buses,72jEtpl7twzofNIyFfp1bb,FALSE,rock
Imagine Siblings,No Buses,6aj8st3uEe2aTRD4rwLA4z,FALSE,rock
Distance,No Buses,0QQgeIpfDpTOAialgKCuFA,FALSE,rock
Ecohh,No Buses,5558KQJ6tyN81oaErXeURp,FALSE,rock
When You Sleep With Your Son,No Buses,16lJW19oFOzqOcRlCGzJxX,FALSE,rock
Preparing,No Buses,4rHiOSXNVE4v6HZiZr34DG,FALSE,rock
Darlin',Albert Hammond Jr,6OzItOQCgdMMix74kOf31g,FALSE,rock
Miss Myrtle,Albert Hammond Jr,43IlCBK2cZad6tcTBGLpx2,FALSE,rock
Caught by Night,Albert Hammond Jr,5nGef62Ji0C30wPcNd5KNJ,FALSE,rock
You Won't Be Fooled By This,Albert Hammond Jr,1u0BjNK65VQwCKdaTyePmy,FALSE,rock
Old Man,Albert Hammond Jr,3fqoz2MfAblJZ9f6Qqeh92,FALSE,rock
Memo of Hate,Albert Hammond Jr,5jEODYPcgs5triztwMuNzi,FALSE,rock
In My Room,Albert Hammond Jr,6guVmw4OAh99kOfEZVDubT,FALSE,rock
Automatic Line,Albert Hammond Jr,41fO5InWLWRCWlKUPExos8,FALSE,rock
Thirteen,Albert Hammond Jr,0eeSVxgRjTvfTgTiUkqJo1,FALSE,rock
Remember (feat. Rainsford),Albert Hammond Jr,6cfZvtJGwuTS6nkIgSDg2D,FALSE,rock
One Chance,Albert Hammond Jr,7dVfdbkxtx1JF4W8aONqB1,FALSE,rock
St. Justice,Albert Hammond Jr,4GtIlIm1TVdaNBQV7BVHMf,FALSE,rock
Everyone Gets A Star,Albert Hammond Jr,1KwhVgmzdlVPDC8Lbiecmr,FALSE,rock
I Don't Wanna Talk (I Just Wanna Dance) (with Albert Hammond Jr),Albert Hammond Jr,74m08TdPELzPe1cuiBQpS7,FALSE,rock
Call An Ambulance,Albert Hammond Jr,3LGIBS7QEaL4yj5n1OoBFM,FALSE,rock
Postal Blowfish,Albert Hammond Jr,7Dr45LoaFCmzrIL6l23JqO,FALSE,rock
Libertude,Albert Hammond Jr,433SdiPjeeLJmpbBHNzsin,FALSE,rock
Home Again,Albert Hammond Jr,1B1DO1eB0LSq1t3warQYMB,FALSE,rock
Cartoon Music For Superheroes,Albert Hammond Jr,6iG6DX0JaoD8m7vWFYZbj0,FALSE,rock
Born Slippy,Albert Hammond Jr,19bMAtXBPyfq4265f0PHwI,FALSE,rock
Caught by My Shadow,Albert Hammond Jr,1W2ViUGBEyp02hg2p45mzL,TRUE,rock
Had to Try,Albert Hammond Jr,1zPUryzBOQVzsb9QUAFmuo,FALSE,rock
& So It Goes,Albert Hammond Jr,2IatB3gjeoMnfIR09SF8g1,FALSE,rock
818,Albert Hammond Jr,03KI9skAfLitNzANOWhZJi,FALSE,rock
Losing Touch,Albert Hammond Jr,48yfl8qnbAUn2IUD9SdPcK,FALSE,rock
Carnal Cruise,Albert Hammond Jr,27rb3NZzEwtqvpAVDtl5Q8,FALSE,rock
Scared,Albert Hammond Jr,70m4GpamaDOw5MHzMpny0H,FALSE,rock
Well...All Right,Albert Hammond Jr,6esm16qYDZSO1E31NUXkM3,FALSE,rock
Rude Customer,Albert Hammond Jr,2ahWtN0fVHwuAFzYND2Bkj,FALSE,rock
Coming to Getcha,Albert Hammond Jr,0tNy9gjEyyfllZJbqTOxJF,FALSE,rock
Power Hungry,Albert Hammond Jr,0RreziyADxhkv834LGS7oq,TRUE,rock
Feed Me Jack Or: How I Learned To Stop Worrying And Love Peter Sellers,Albert Hammond Jr,6jsxnTTR9WfFhQk7sc0WL1,FALSE,rock
100-99 (feat. GoldLink),Albert Hammond Jr,0HVyE6s3q5D90yurTKSU2k,TRUE,rock
I Got You,Albert Hammond Jr,70EwaQvGs1Vnx24QnyBl6y,FALSE,rock
Don't Think Twice,Albert Hammond Jr,11wztZpfxKnIh7aDU31NMo,FALSE,rock
I'd Never Leave,Albert Hammond Jr,5mmxaSH571f7Us6nIK4kVk,FALSE,rock
Holiday,Albert Hammond Jr,57zGEUi7RItvig0TG9AB0M,FALSE,rock
Blue Skies,Albert Hammond Jr,4z3UAD6I0qXm1duH18PYAZ,FALSE,rock
Never Stop,Albert Hammond Jr,6cK3DukeNN7JevtFId5HmI,FALSE,rock
"Harder, Harder, Harder",Albert Hammond Jr,3lvlih201lqiwHjgdNjSyC,FALSE,rock
Is This What You Wanted,The Last Shadow Puppets,2209mGyPW7XXCGL9JZ59z4,FALSE,rock
Two Hearts In Two Weeks,The Last Shadow Puppets,3Sf4dhdZfygePtMyxHObnh,FALSE,rock
Hang The Cyst,The Last Shadow Puppets,4brDfFEPFMddKoqNEgKXO2,FALSE,rock
"Paris Summer - Live From The Olympia Theatre, Paris",The Last Shadow Puppets,2ZjFbFWD45XNHdE1JEzzoe,FALSE,rock
Everything You’ve Come To Expect,The Last Shadow Puppets,01M9XvRcT8hEOf6NOLBHew,TRUE,rock
"My Little Red Book - Live From The New Theatre, Oxford",The Last Shadow Puppets,5v0sV5H9NsDDWxmea2m3cO,FALSE,rock
Miracle Aligner - Live from Spotify London,The Last Shadow Puppets,4WYlSXyqyeOXoOb98K5OnL,TRUE,rock
In The Heat Of The Morning,The Last Shadow Puppets,2pAm0eho3UtxAK1bsRuOK7,FALSE,rock
Wondrous Place,The Last Shadow Puppets,0rexlITgOonNpN9XjcgyRR,FALSE,rock
The Bourne Identity,The Last Shadow Puppets,2QrfU81khdENzp0NcE47q1,FALSE,rock
Is This What You Wanted,The Last Shadow Puppets,2H9E4Xr2WTabI9tPIsQKqU,FALSE,rock
Les Cactus,The Last Shadow Puppets,5NYbpv0lFOHfQZGUOD5oUh,FALSE,rock
The Dream Synopsis - The Dream Synopsis EP Version,The Last Shadow Puppets,13CnA6u8QoZ8B6PzGLjdbE,FALSE,rock
Separate And Ever Deadly,The Last Shadow Puppets,4zEQzXsUHwepnZRuBbJAhI,FALSE,rock
The Dream Synopsis,The Last Shadow Puppets,1iPeDwic3VEt0T75NyVoaG,FALSE,rock
Calm Like You,The Last Shadow Puppets,0b70nZ5kdm09VlyfHLNjlL,FALSE,rock
This Is Your Life,The Last Shadow Puppets,6CQ7dqOUCe89qYu27kHXB3,FALSE,rock
Aviation - The Dream Synopsis EP Version,The Last Shadow Puppets,48aKUI1UR8SfSdjgFvbqlb,TRUE,rock
Only The Truth,The Last Shadow Puppets,5Im1vDZEXph5f1vpoyiW8I,FALSE,rock
Black Plant,The Last Shadow Puppets,5Tel0VT0bHJyZnb058mZvU,FALSE,rock
Aviation,The Last Shadow Puppets,2cop62KNgi55QqIozb5bMf,TRUE,rock
Used To Be My Girl - Live from Spotify London,The Last Shadow Puppets,1BvZejGMFB5Zs4hr71FSTa,FALSE,rock
The Age Of The Understatement,The Last Shadow Puppets,4fsWlej0WwmeCIRYY5xIir,FALSE,rock
Totally Wired,The Last Shadow Puppets,1MSzrftNayxvVX2ePbtVPI,FALSE,rock
Les Cactus,The Last Shadow Puppets,4Wg7fFccdDBL1sJGiu14w7,FALSE,rock
Standing Next To Me - Live from Spotify London,The Last Shadow Puppets,0g2gPYkGXvcqXOHzF0cTQ5,TRUE,rock
Totally Wired,The Last Shadow Puppets,38RoSgh6vo5rhDIaCJXXPc,FALSE,rock
The Dream Synopsis - The Dream Synopsis EP Version,The Last Shadow Puppets,0ua8Dcxr87WQGUowaf0SFb,FALSE,rock
She Does The Woods,The Last Shadow Puppets,6S8vpYC4067FPhFteul9VN,FALSE,rock
This Is Your Life,The Last Shadow Puppets,4AFQUAnosARNkW5bvtxUzn,FALSE,rock
Aviation - The Dream Synopsis EP Version,The Last Shadow Puppets,3J9xa15svuxLKfGjm03fEy,TRUE,rock
Used To Be My Girl,The Last Shadow Puppets,4QzJg2N57KhY0tDVmEVIgU,FALSE,rock
In My Room,The Last Shadow Puppets,0fV4iqDDRSt0a4mnLdCGKa,FALSE,rock
Gas Dance,The Last Shadow Puppets,3GVF9xpMZfIWDjpOszCc0g,FALSE,rock
Miracle Aligner,The Last Shadow Puppets,4iwpCp7qdDLngGI3gsVTza,TRUE,rock
Time Has Come Again,The Last Shadow Puppets,4quZBn5FeJhJoucjer82IO,TRUE,rock
The Element Of Surprise,The Last Shadow Puppets,1JuflrFpkx9mhDwZ08Txx7,FALSE,rock
Aviation - Live from Spotify London,The Last Shadow Puppets,4CwQhBxpH5rQ5E0FuoRQwS,TRUE,rock
The Meeting Place,The Last Shadow Puppets,0RwXCC1iiZEfoKCtuGhrHS,TRUE,rock
Sequels,The Last Shadow Puppets,78erOJv3qHWFlZ0tHoVPY9,FALSE,rock
I Don't Like You Anymore,The Last Shadow Puppets,7duLhzl75tOnKU7oDIaZX9,FALSE,rock
The Chamber,The Last Shadow Puppets,1WCPVw8VEZNIBlldlcI6dU,FALSE,rock
The Age Of The Understatement,The Last Shadow Puppets,5WXMS6w7Gvb02b6bx4eBSF,FALSE,rock
joke!,SE SO NEON,4EBrCFj4IJh2Zz9Bvk5erJ,FALSE,rock
Gurumi,SE SO NEON,43EHL9kyeqvPxAimmnBw0D,FALSE,rock
Kidd,SE SO NEON,4h34AbncqepE1FkJQWvYyD,FALSE,rock
Black Sun (Inst.),SE SO NEON,2TjbH1dSr496qOW7ctAMn6,FALSE,rock
Summer Plumage,SE SO NEON,3P17aBqkoeW8tx9oZ1ubCF,TRUE,rock
Black Sun,SE SO NEON,6kYJO3yup0Qcqjla2Jc8j3,FALSE,rock
Cat - Digging Club Seoul Version,SE SO NEON,5fHrexpeOVtH1isXqnIHeu,FALSE,rock
Cat - Digging Club Seoul Version - Instrumental,SE SO NEON,4nKZFTZQ6yyas4NQDXfQEh,FALSE,rock
New Youth,SE SO NEON,5bZh97EswRz053YzhNQI9P,FALSE,rock
I'm Watching a Loneliness Just Arisen,SE SO NEON,2xfoFuQxQeEkQRgY3tF1JU,TRUE,rock
Permanent High School,The Voidz,4Ee6ZsyVepVsvObgYwzgH1,TRUE,rock
Coul as a Ghoul,The Voidz,27mtEHKWjpvCWYz1XUXge5,FALSE,rock
My Friend The Walls,The Voidz,62JrUht3IRKy4OovuZXfNS,TRUE,rock
Nintendo Blood,The Voidz,13KXeGtc1zYLzvPj3CgLcy,FALSE,rock
Xerox,The Voidz,0EH07hS7lnqoNnRet0g2oJ,FALSE,rock
Where no Eagles Fly,The Voidz,7yYCivEF5FGEaPGwJGqB0q,TRUE,rock
Think Before You Drink,The Voidz,7gwuLmdWVfHi35OU07U60N,TRUE,rock
Prophecy of the Dragon,The Voidz,6sDP5eAl2X2VZXc6vQfRJM,FALSE,rock
Take Me in Your Army,The Voidz,2Fqc3RHu9wA1mBhKLgejWp,FALSE,rock
M.utually A.ssured D.estruction,The Voidz,3znlqkw0V8tdXDhsCQcjIo,FALSE,rock
QYURRYUS,The Voidz,6pMRk6Tr05wmZSSINOqzE3,TRUE,rock
We're Where We Were,The Voidz,709TS0mvoyISKvljXUBcnD,FALSE,rock
All Wordz Are Made Up,The Voidz,703w4KHgdEcedIlNgOWqQ7,FALSE,rock
Infinity Repeating (2013 Demo) [feat. Julian Casablancas+The Voidz],The Voidz,6rMuHJjLnEQpBuc0TSkeFv,TRUE,rock
The Eternal Tao 2.0,The Voidz,6V3YD8Ozx3IvHSbIc4wypA,TRUE,rock
All Wordz Are Made Up,The Voidz,2Q7QUy1t3wHhoUWA7v9aYH,FALSE,rock
Crunch Punch,The Voidz,0zjJCu74zK2nPlmM4Cgz3A,TRUE,rock
QYURRYUS,The Voidz,7jEUVwkPK62K8Pl3bOvUtM,TRUE,rock
Business Dog,The Voidz,6hyDONyubATZ5eimv7ll62,FALSE,rock
Pointlessness,The Voidz,1OMyVgjCj8fHdwNZMt28eN,TRUE,rock
ALieNNatioN,The Voidz,7zpHInsypgrnY9zTeCXtI4,TRUE,rock
All the Same,The Voidz,2OPoTZy4WtLZeBuJpwmqh4,TRUE,rock
Pointlessness,The Voidz,7dn4oAQczf8YokcaHx8uvt,TRUE,rock
One of the Ones,The Voidz,4nVOB6SE1RxldJIzIEEsk0,FALSE,rock
Wink,The Voidz,6VFaZ3zgXaRbc79GRqhbBz,TRUE,rock
Black Hole,The Voidz,05ABdiQ8D9XLD5w431Hu4y,FALSE,rock
Off to War,The Voidz,6T6xt8yO6znhdN4TO6JDrw,FALSE,rock
ALieNNatioN,The Voidz,3qTJRoGe2sBzZMCFhn2Tj5,TRUE,rock
Body Paint,Arctic Monkeys,11jRCxY01k9jvCdUru0EeP,FALSE,rock
I Wanna Be Yours,Arctic Monkeys,5XeFesFbtLpXzIVDNQP22n,FALSE,rock
Body Paint,Arctic Monkeys,7A7FsIDnBMnz1PAnSOxUdh,FALSE,rock
She Looks Like Fun - Live,Arctic Monkeys,09NwfVvbphzx8H2VHskQAD,FALSE,rock
I Want It All,Arctic Monkeys,1j9rezdE3YeC7yktZXC1em,FALSE,rock
Perhaps Vampires Is A Bit Strong But…,Arctic Monkeys,6Slvi85s1hIaeykjvDe1xk,FALSE,rock
One Point Perspective - Live,Arctic Monkeys,4hZlP9bciuyeBMxPqYHR1C,FALSE,rock
Do I Wanna Know?,Arctic Monkeys,5FVd6KXrgO9B3JPmC8OPst,FALSE,rock
The Ultracheese,Arctic Monkeys,3PhbzvTllkq1rkULafc6ns,FALSE,rock
This House Is a Circus,Arctic Monkeys,7gPd55hW5pVjTm3H9S1Wbv,FALSE,rock
My Propeller,Arctic Monkeys,2hmHlBM0kPBm17Y7nVIW9f,FALSE,rock
Snap Out Of It,Arctic Monkeys,0NdTUS4UiNYCNn5FgVqKQY,FALSE,rock
She Looks Like Fun,Arctic Monkeys,60T4FDF1tTcFlXkI08FFhL,FALSE,rock
Potion Approaching,Arctic Monkeys,3RHHXwyRtskFx87sX80xEy,FALSE,rock
Tranquility Base Hotel & Casino,Arctic Monkeys,2URDbWGmPz3vhagl25p8OC,FALSE,rock
There’d Better Be A Mirrorball,Arctic Monkeys,03mHinvLdrdSTd7w4GPXwH,FALSE,rock
There’d Better Be A Mirrorball,Arctic Monkeys,1zx6GSqLYI2ynzAHnPRKBR,FALSE,rock
You Probably Couldn't See For The Lights But You Were Staring Straight At Me,Arctic Monkeys,111SaDBbcHW0zedi4RBHDp,FALSE,rock
Pretty Visitors,Arctic Monkeys,45n7uujqwmMyBMjBu9SwRu,FALSE,rock
Batphone,Arctic Monkeys,7aiKdAM9WYW3GzWSA9OXIl,FALSE,rock
Perfect Sense,Arctic Monkeys,0z5x3VmmQ7cyTeOP7VAf3T,FALSE,rock
R U Mine?,Arctic Monkeys,2AT8iROs4FQueDv2c8q2KE,TRUE,rock
One Point Perspective,Arctic Monkeys,1t67WYNfUxfOiwaz7SJ66b,FALSE,rock
Balaclava,Arctic Monkeys,11DdPGqDsM3ux1gVAqUIln,FALSE,rock
All My Own Stunts,Arctic Monkeys,7cRR82VFtvy3FeqIrjEeFy,FALSE,rock
She's Thunderstorms,Arctic Monkeys,5xw2cHVLw1rlDPp3cL9Zuv,FALSE,rock
Teddy Picker,Arctic Monkeys,4OkPamOn5GofkOQu64Z4eR,FALSE,rock
#NAME?,Arctic Monkeys,68H747D2LgwsPsPlVjFZUR,FALSE,rock
Cornerstone - Live,Arctic Monkeys,5F3cEp3T5zbvWtBsp2FVzp,TRUE,rock
Star Treatment,Arctic Monkeys,0b93tWwuoAC0nXe1CfR30I,FALSE,rock
Anyways,Arctic Monkeys,4PGWramunj3Bsz5UXCu4ex,FALSE,rock
Reckless Serenade,Arctic Monkeys,1bXLpqe49cqEpj88uPR4pu,FALSE,rock
505,Arctic Monkeys,58ge6dfP91o9oXMzq3XkIS,TRUE,rock
Black Treacle,Arctic Monkeys,63gVgNgFfZPO8hLAS3Mfbe,FALSE,rock
Stop The World I Wanna Get Off With You,Arctic Monkeys,2QUlMbvD9bL8wHqfsoqoet,FALSE,rock
Dance Little Liar,Arctic Monkeys,3u16Clmxz7dJpnQWXXynok,FALSE,rock
Jet Skis On The Moat,Arctic Monkeys,2HReNSxrMRcJ0cYMzKAJK6,FALSE,rock
Do I Wanna Know?,Arctic Monkeys,7xmwLmkoWpghkq8jyEhtbx,FALSE,rock
Do Me a Favour,Arctic Monkeys,13NCxLOlvQ4Tnexgfp03Gs,TRUE,rock
The View From The Afternoon - Live,Arctic Monkeys,6yZMhEmlZDbsH5ayXo0zaO,FALSE,rock
Do I Wanna Know? - Live,Arctic Monkeys,5zDoSmh06F7kjXGIHFhQzh,FALSE,rock
Brianstorm,Arctic Monkeys,5rTIpPWeO0IL4HWlGWrz5G,FALSE,rock
Do Me A Favour - Live,Arctic Monkeys,3d7DrmuuKPkJxvCX7G7pOZ,TRUE,rock
There’d Better Be A Mirrorball,Arctic Monkeys,4B4GwsjpJKPVN65J59ecfB,FALSE,rock
505 - Live,Arctic Monkeys,2G5groi1gsVNKFxYkmc66s,TRUE,rock
Broken Hearts Club,The Audiots,0AVf8IIYzGvRdp9xCr0YNh,FALSE,rock
Decipher,The Audiots,66Obk2ShRDos1Npz8l1J29,FALSE,rock
Dumb Love,The Audiots,18MNMsUBXAi86xZzrqThJo,FALSE,rock
Nakatomi Plaza,The Audiots,2mGiVC1OIePIY0bxMJZZTh,FALSE,rock
Dumb Love,The Audiots,1PLVJ9yVzVeNRnICb31ROQ,FALSE,rock
Room 23,The Audiots,1wnFxAYtZuNehtjFfEHTDJ,FALSE,rock
Pretty Girl on a Swing,The Audiots,68PrJPf1WHuwHgBSgXxjsH,FALSE,rock
"It's Not You, It's Them",The Audiots,3xkrtb9aXzVMc0lqS5DbsB,FALSE,rock
Say It Anyway,The Audiots,7GiOWQWPOjLTaFYuDb3JsV,FALSE,rock
If I Slip,The Audiots,3TTr1rVMV8gmJA2RmpKoTF,FALSE,rock
Anemoia,The Audiots,5aLVigITTFKAryPRwOo9Fa,FALSE,rock
I Need to Know,The Audiots,595ZfMp4eIXoVQTHACjf03,FALSE,rock
Too Much Pressure,The Audiots,0WZGy2FYt4OEqGXFg5DS0F,FALSE,rock
Lamento,The Audiots,5SYqlqEt9TXtzbWblXj7XR,FALSE,rock
Cream and Sugar,The Audiots,22vDUQ3bm3QCQ2N7NKXQRS,FALSE,rock
What Happened,The Audiots,3nLK4yYuPHhdF6geLhCHdk,FALSE,rock
When You,The Audiots,28UVropMwY5q6DrtnSIfaS,FALSE,rock
Into the Night,The Audiots,6erBVCnHDBfzJtLyNAZqF8,FALSE,rock
One More Reason,The Audiots,4elZDZc8KlbSDcu8mfGTXx,FALSE,rock
100 Percent of Showers,The Audiots,1J65ScvQNhqS735v6TDbEw,FALSE,rock
Not My Type,The Audiots,6OjfalfTRuuWL3outqrgXp,FALSE,rock
Take What You Want,The Audiots,64w7P6HzaRFbPP3vXKWrGD,FALSE,rock
D.O.A,The Audiots,4aajniizDHiNgeIWDqQz9H,FALSE,rock
Marked as Read,The Audiots,2PHsxt6YWaK0cIXsxdJ2g9,FALSE,rock
Spooky Dayz,The Audiots,67DxCnECY5J7RjKuvqIdYS,FALSE,rock
Homesick,The Audiots,2xduWRYIlBZ05gIIUsBiIR,FALSE,rock
Pretty Girl on a Swing,The Audiots,1hSqkYMr5RvftVQtUN2l6f,FALSE,rock
Tourist,Julian Casablancas,17XcDzWQ68mFZ4hzBeR1NY,FALSE,rock
Boy/Girl - Remix,Julian Casablancas,17f309WeNrwnd9vQxEsiF4,FALSE,rock
Ludlow St.,Julian Casablancas,0kxQTfplg7tjX5aOCrGDns,FALSE,rock
3D Flower,Julian Casablancas,2FyLwjOJpSu58u4EYkR66I,FALSE,rock
Christmas Treat,Julian Casablancas,1rpBhDKKyeyog3m1AQIxrJ,FALSE,rock
4 Chords of the Apocalypse,Julian Casablancas,3v6wxOTGPj9FUSsulj6UPi,FALSE,rock
Old Hollywood,Julian Casablancas,5FgZ25PYSECL184DZhPpe0,FALSE,rock
"Ludlow St. - Live From Electric Lady Studios for WRXP, New York",Julian Casablancas,0BlVs9ezrtwyiTH2lqHa90,FALSE,rock
Glass,Julian Casablancas,1eSNIUtkDHVOMSBpE1aOcq,FALSE,rock
Infinity Repeating (2013 Demo) [feat. Julian Casablancas+The Voidz],Julian Casablancas,6rMuHJjLnEQpBuc0TSkeFv,TRUE,rock
Boy/Girl,Julian Casablancas,2mVr7KSbg4iWQtyMZn8Cyq,FALSE,rock
Boy/Girl (Johnny Hostile Remix),Julian Casablancas,33NcAeSCcdMbpQpUe7PUjm,FALSE,rock
Left & Right in the Dark,Julian Casablancas,5GWcdCeWCiFK0EcQBmDEk6,TRUE,rock
Christmas Treat,Julian Casablancas,4Ie4u5mxn53KoPuEn928Gr,FALSE,rock
Out of the Blue,Julian Casablancas,2wv4KppBgQlNleDaE3DGvW,FALSE,rock
11th Dimension,Julian Casablancas,10thiO3wUYUguz1VvkIiVN,TRUE,rock
"Out of the Blue - Live From Electric Lady Studios for WRXP, New York",Julian Casablancas,2ugCmuGp9NGxYrUdByvlyI,FALSE,rock
Out of the Blue,Julian Casablancas,507Z8HdRGcRExCKrc3jcp2,FALSE,rock
Old Hollywood,Julian Casablancas,4X1TGPZA0ZYM3rgbMnNqtd,FALSE,rock
Boy/Girl,Julian Casablancas,47Fp9HBOUEeTqPvy08a865,FALSE,rock
11th Dimension,Julian Casablancas,0DriQnN8udBkSpQjg9L7u2,TRUE,rock
DARE - Soulwax Remix,Gorillaz,3BK3FS5ndEMAH7OJZSs1HY,FALSE,rock
Superfast Jellyfish (feat. Gruff Rhys and De La Soul),Gorillaz,1UJNbgfTzG1gZZTWFJdMf1,FALSE,rock
Andromeda (feat. DRAM),Gorillaz,2C0KFbb4v9CNWR5c9jWcKC,FALSE,rock
Spitting out the Demons,Gorillaz,087otJT7SXmRp9UQMAC1y8,FALSE,rock
Revolving Doors,Gorillaz,4IekHBYUwUNLILgA9R22OD,FALSE,rock
19-2000,Gorillaz,1kSWrMDt439cT64WpjJigW,FALSE,rock
The Swagga,Gorillaz,3awDSLfoDtO4dqHAIZlTSU,FALSE,rock
Don't Get Lost in Heaven - Original Demo,Gorillaz,1coSVe1Y2WqgoGBdXgQK54,FALSE,rock
Lake Zurich,Gorillaz,0RC23Ua9z3HUD9ssrX2VGj,FALSE,rock
Welcome to the World of the Plastic Beach (feat. Snoop Dogg and Hypnotic Brass Ensemble),Gorillaz,46WOptLnXUtH3LOyYvmMO1,FALSE,rock
Strictly Rubbadub,Gorillaz,3m3d8ZeN76SFSLRca3Od1K,FALSE,rock
Aspen Forest,Gorillaz,0KeMHlFziLlmw5AVLpI3L2,FALSE,rock
Silent Running (feat. Adeleye Omotayo) [2D Piano Version],Gorillaz,4zcXwePxXk3SkjaPwOZ3TO,FALSE,rock
Dead Butterflies (feat. Kano and Roxani Arias),Gorillaz,0kz637M43RY673RZoJCWBX,FALSE,rock
November Has Come,Gorillaz,6lrDckuosGpwEHtm1hHBcf,FALSE,rock
Stop the Dams,Gorillaz,72nAHrq1bR6iDvng3qMpVf,FALSE,rock
Skinny Ape,Gorillaz,63rZ9InG6YLtJH0ML5YWta,FALSE,rock
Chalk Tablet Towers (feat. St Vincent),Gorillaz,5zGElc4Fk95ONl7YihpLFN,FALSE,rock
Hongkongaton,Gorillaz,4jJwm24UagUP51wTp657Xp,FALSE,rock
Bill Murray,Gorillaz,1fGP2EpjHgCQxeKKMD0N7w,FALSE,rock
Submission (feat. Danny Brown & Kelela),Gorillaz,2W4yTO3qHdqyvbz2UxfIPh,FALSE,rock
O Green World - Live at Manchester Opera House,Gorillaz,7scYVARY8NlKXMokcEmYAG,FALSE,rock
New Genius (Brother),Gorillaz,7cKs1U32CF8kKPkT2R4WQD,FALSE,rock
Clint Eastwood,Gorillaz,7yMiX7n9SBvadzox8T5jzT,FALSE,rock
El Mañana - Metronomy Remix,Gorillaz,46I29AkoUxzgCt7LnoXXf6,FALSE,rock
Déjà Vu (feat. Alicai Harley) - Live from NW10,Gorillaz,6TWWFfMjV3XMwKhJcEuEXW,FALSE,rock
Skinny Ape,Gorillaz,67BbnzIuXFd5knDLwB3mkN,FALSE,rock
Severed Head (feat. Goldlink and Unknown Mortal Orchestra),Gorillaz,0Zn0jtLj2ehkIPxlCoO65O,FALSE,rock
California and the Slipping of the Sun,Gorillaz,78GbxCi0qFRgynp5FFIVYG,FALSE,rock
On Melancholy Hill,Gorillaz,0q6LuUqGLUiCPP1cbdwFs3,FALSE,rock
Bañana Baby,Gorillaz,3jnTX8p4kd3t2a5hRvNUIj,FALSE,rock
Let Me Out (feat. Mavis Staples & Pusha T),Gorillaz,44PelqgstAM0lb8rHPKfHq,FALSE,rock
Bobby in Phoenix (feat. Bobby Womack),Gorillaz,0NJUPC1tmil2ZlchstDww3,FALSE,rock
4-May,Gorillaz,5zbkoIgrBO5VjrQIEChlre,FALSE,rock
Momentz (feat. De La Soul),Gorillaz,2RCp9QBnFSxdKe8RD4xF8s,FALSE,rock
Feel Good Inc.,Gorillaz,0d28khcov6AiegSCpG5TuT,FALSE,rock
Tormenta (feat. Bad Bunny),Gorillaz,67m53SyedbOS5fUGcfT3Ab,FALSE,rock
The Tired Influencer,Gorillaz,1Wld681KIdy5ZosdDb5bfz,FALSE,rock
Interlude: The Non-Conformist Oath,Gorillaz,0SOFBIQK3vOn3y7Yq0Bwzx,FALSE,rock
The Speak It Mountains,Gorillaz,5eouUfkozOF07Wm9WTyDz1,FALSE,rock
Stylo (feat. Mos Def and Bobby Womack),Gorillaz,6LUfuyLgvgqrykiTE6sJHY,FALSE,rock
Interlude: Talk Radio,Gorillaz,5f0FCcrkvyhiRT5wynS0XN,FALSE,rock
DARE - Junior Sanchez Remix,Gorillaz,58MZs0B5Amxl0Mwc9FIRZc,FALSE,rock
Baby Queen,Gorillaz,3ZcwLEEnCwahu78mnquEGa,FALSE,rock
Possession Island (feat. Beck),Gorillaz,6TNG6iAAHmQE9D8Wx1LYKb,FALSE,rock
Kids with Guns,Gorillaz,0eEgMbSzOHmkOeVuNC3E0k,FALSE,rock
Souk Eye,Gorillaz,4fjzDf54eBNOlW45mNe14U,FALSE,rock
Momentary Bliss (feat. slowthai and Slaves),Gorillaz,5h5FY6vmtDpgXF91BUexO0,FALSE,rock
Feel Good Inc. - Stanton Warriors Remix,Gorillaz,05OU9yuLKyjvzcO9uE52cE,FALSE,rock
Preservation,Wu-Tang Clan,4m5zY9PRJvqPRDhDMJwSel,FALSE,hip hop
Preservation - Instrumental,Wu-Tang Clan,4q3xIT2z0tQad8dPzzT3Lp,FALSE,hip hop
Message,Wu-Tang Clan,6bxurOPmTTyCtGVRfm2n3m,FALSE,hip hop
225 Rounds,Wu-Tang Clan,4BB33XawwwNxcrrrEYh8bS,FALSE,hip hop
Kill Too Hard,Wu-Tang Clan,1CVFSvO7aHpeF222FlvBjV,FALSE,hip hop
"Yo, Is You Cheo? (feat. Cheo Hodari Coker) - (Skit)",Wu-Tang Clan,538WGQGxooJhaw5bKZwXwY,FALSE,hip hop
Listen,Wu-Tang Clan,4Vk7782doPVfW4wQpeMPKa,FALSE,hip hop
"Hollow Bones (feat. Raekwon, Inspectah Deck & Ghostface Killah)",Wu-Tang Clan,1K2cJxXkgdeq5IsnxYlNk0,FALSE,hip hop
"The Black Diamonds (feat. Ghostface, Roc Marciano, & Killa Sin)",Wu-Tang Clan,6s4fujju9FYU51nCCLlyN7,FALSE,hip hop
If What You Say Is True (feat. Streetlife),Wu-Tang Clan,5wwCSiHSYPFGnFMkjt7kbx,FALSE,hip hop
Start The Show,Wu-Tang Clan,7d3woostxhE6APhRCOma3b,FALSE,hip hop
Street Corners,Wu-Tang Clan,6dYQlInszjxBogfIcOHSot,FALSE,hip hop
Keep Hustlin - Trillbass Remix,Wu-Tang Clan,5FGeDXRdYpblroeK29RUt1,FALSE,hip hop
"Frozen (feat. Method Man, Killa Priest and Chris Rivers)",Wu-Tang Clan,32WLytuvV4HDsdPqzfdqSs,FALSE,hip hop
"Reunited (feat. GZA, Ol' Dirty Bastard, RZA & Method Man)",Wu-Tang Clan,2FLFEko8VF1eYL0Tdp1T9m,FALSE,hip hop
"Back In the Game (feat. Method Man, Inspectah Deck, GZA, Raekwon, Ghostface Killah & Ronald Isley)",Wu-Tang Clan,72f0ENenBehRqcNrfgYYpJ,FALSE,hip hop
The Heart Gently Weeps,Wu-Tang Clan,1KgXGS41I5n7boAi1ePs77,FALSE,hip hop
"My Only One (feat. Ghostface Killah, RZA, Cappadonna, and Steven Latorre)",Wu-Tang Clan,3SWeWMqoBa6nh8LVyHJUm7,FALSE,hip hop
"Ya'll Been Warned (feat. Method Man, RZA, Inspectah Deck, Raekwon & Masta Killa)",Wu-Tang Clan,4ik2p5hz9imqkMNa3jXGSn,FALSE,hip hop
Only The Rugged Survive (feat. RZA),Wu-Tang Clan,3lk3RDehAhagBgzxbeN2IU,FALSE,hip hop
"Bells Of War (feat. U-God, Method Man, RZA, Masta Killa, Raekwon & Ghostface Killah)",Wu-Tang Clan,4183G4SSqcqrCuBHpLT42t,FALSE,hip hop
Josephine,Wu-Tang Clan,0rRlZtpthbCiun2SofXjvj,FALSE,hip hop
"Da Mystery of Chessboxin' (Live in San Bernadino, CA) (2019 - Remaster)",Wu-Tang Clan,1cjOwhAwKdn6XUm9hm6zeN,TRUE,hip hop
"Careful (Click, Click) (feat. RZA, U-God, Masta Killa, Cappadonna, Ghostface Killah & Inspectah Deck)",Wu-Tang Clan,7hUNOFpJNxK3EdryB5PqAJ,FALSE,hip hop
Wu-Tang Reunion,Wu-Tang Clan,3YAxHi6nY1bqrqSI5OQBKa,FALSE,hip hop
One Blood Under W (feat. Masta Killa & Junior Reid),Wu-Tang Clan,1fFWpiIB3HozI4tTkeQMEz,FALSE,hip hop
Skit,Wu-Tang Clan,767E1Qs4F7Fvp8MD8a0qH9,FALSE,hip hop
"Never Feel This Pain (feat. Inspectah Deck, U-God, & Tre Williams)",Wu-Tang Clan,4GIePneDEbkpKL50lBfvlU,FALSE,hip hop
"C.R.E.A.M. (Cash Rules Everything Around Me) (feat. Method Man, Raekwon, Inspectah Deck & Buddha Monk)",Wu-Tang Clan,119c93MHjrDLJTApCVGpvx,TRUE,hip hop
Nyc Crack,Wu-Tang Clan,06YfaAMx2I5cQobI2ozy6K,FALSE,hip hop
"Deadly Melody (feat. Masta Killa, U-God, RZA, Method Man, GZA, Streetlife & Ghostface Killah)",Wu-Tang Clan,4uUN0ZflJbw7bVINbcHMq6,FALSE,hip hop
Infomercial #1,Wu-Tang Clan,4zcQfiSRjsz3roAbQESsVO,FALSE,hip hop
Intro (feat. RZA & GZA),Wu-Tang Clan,57C8xbz3dy5G68nrVlqBG8,FALSE,hip hop
The Projects (feat. Shyeim),Wu-Tang Clan,2DcGbkpl1IpQnlN1O3ud1O,FALSE,hip hop
"Meteor Hammer (feat. Ghostface, Action Bronson, & Termanology)",Wu-Tang Clan,4fsw3eygwkl9qGVmD6QY1R,FALSE,hip hop
Still Grimey,Wu-Tang Clan,1DLm6kfvLp0pP1SthkXa9N,FALSE,hip hop
Ill Figures,Wu-Tang Clan,3F48e8dkvWHC7PnidWWBLr,FALSE,hip hop
Fragments - Instrumental,Wu-Tang Clan,1SbRx55wnGSHgnYtqZiIjL,FALSE,hip hop
Can It Be All So Simple - Radio Edit,Wu-Tang Clan,4Ak1XhJt4AB8JGSLiZwGSx,TRUE,hip hop
"The W (feat. GZA, U-God, Method Man & Raekwon)",Wu-Tang Clan,1Iq4llSDRkLrkUjdbG3sP2,FALSE,hip hop
"Brooklyn Zoo (Live in San Bernadino, CA) (2019 - Remaster)",Wu-Tang Clan,4AEscKIUxXFAEsPHTe1NE0,FALSE,hip hop
"C.R.E.A.M. (Cash Rules Everything Around Me) (feat. Method Man, Raekwon, Inspectah Deck & Buddha Monk) - A Cappella",Wu-Tang Clan,61QU5MPwOReHIAfnY4vh54,TRUE,hip hop
Still Grimey - Instrumental,Wu-Tang Clan,5LzUdQ1YSqZaqBQ4TAZGbQ,FALSE,hip hop
"Uzi (Pinky Ring) (feat. U-God, Raekwon, Ghostface Killah, RZA, Method Man, Inspectah Deck, Masta Killa & GZA)",Wu-Tang Clan,2O1bHmA2x2eQTOHjXEBUOv,FALSE,hip hop
"225 Rounds (feat. U-God, Cappadonna, Bronze Nazareth & RZA)",Wu-Tang Clan,1gb6P6hvBRTVYugzwSfKuv,FALSE,hip hop
"Cash Still Rules / Scary Hours (Still Don't Nothing Move But the Money) (feat. Raekwon, Method Man & Ghostface Killah)",Wu-Tang Clan,2fmbg7Em6k5bAEhRou5Exc,FALSE,hip hop
"For Heavens Sake (feat. Inspectah Deck, Masta Killa & Cappadonna)",Wu-Tang Clan,5bsRCiIFzoL5bRc2chlObc,FALSE,hip hop
Starter,Wu-Tang Clan,7KwQSWISQw7xUX5V9p18sg,FALSE,hip hop
Fatal Hesitation,Wu-Tang Clan,68boK3nLlzuoG1S8AaIASt,FALSE,hip hop
Captain Brunch - Instrumental,MF DOOM,7mBqccBNjquGFk9ocja1Se,FALSE,hip hop
Can't Reform Em,MF DOOM,3FmZ4vqx6VC6QgsxqsZLPb,FALSE,hip hop
Agrimony,MF DOOM,50eSaKQWmeGBlREbMo8nBc,FALSE,hip hop
SUPERVILLAINZ,MF DOOM,6nBFVn2N4cqRfTYBoVxRod,FALSE,hip hop
GAZZILLION EAR - JNEIRO JAREL / DAVE SITEK REMIX,MF DOOM,4IFXrNXrMWxvnUGOzxY19g,FALSE,hip hop
Running Around with Another,MF DOOM,53XFhn9wh9QNSJxB4OzZo8,FALSE,hip hop
Meat Grinder (Four Tet Remix),MF DOOM,7LF9PmEoiAZPGuOjAW7Gab,FALSE,hip hop
ABSOLUTELY,MF DOOM,1b6jcx91c0DCGwrMKX5taA,FALSE,hip hop
Captain Crunch - Instrumental,MF DOOM,7qQtuBRB7OCANWsbV2lu8G,FALSE,hip hop
Change the Beat (Acapella Version),MF DOOM,2LAP9Ea4To8PDE5aGDa9wJ,FALSE,hip hop
BUMPY'S MESSAGE,MF DOOM,7Dq8TdfrfuILtqSHK5lFj9,FALSE,hip hop
3.214,MF DOOM,3uKeKJbDwx7nhDtY9AXBy3,FALSE,hip hop
LIGHTWORKS,MF DOOM,2VTO4YKpCs9WJj8GBVHkwW,FALSE,hip hop
Guv'nor,MF DOOM,5nT8JuJfIGlYvZRLoQwZ6H,FALSE,hip hop
Fluid (Instrumental),MF DOOM,6WMCBye5xh9dY4k383PgKt,FALSE,hip hop
Light of the Past,MF DOOM,4JQzDgW7WklgkJgdDXeUIA,FALSE,hip hop
Eye,MF DOOM,7BQWkQjZ4RmzCehucHJmt3,FALSE,hip hop
A.T.H.F. (Aqua Teen Hunger Force),MF DOOM,03yMZBtC3QxyK7ttlBLeme,FALSE,hip hop
"CELLZ, Pt. 2",MF DOOM,2wweNcL8apGcj0B0fHHkwb,FALSE,hip hop
No Names,MF DOOM,7pWKCRsXpS9BjPNODt72EM,FALSE,hip hop
Winter Blues,MF DOOM,4zlJQSpKHiGVbxEpvn5Pos,FALSE,hip hop
STILL DOPE,MF DOOM,2Lb04bitEjcb6jkrNm8fRg,FALSE,hip hop
THE.GREEN.WHORE.NET,MF DOOM,0uNYgCOqmlWYiPLGn1wakY,FALSE,hip hop
Curls,MF DOOM,0V3nTTKA24XKCayp8igU4l,FALSE,hip hop
Gazzillion Ear - Instrumental,MF DOOM,2Mophz6FAcNhts5QJhJXnU,FALSE,hip hop
Gazzillion Ear - Acapella,MF DOOM,0I6B1NUfiyevWn3IWq9lGW,FALSE,hip hop
Kon Karne,MF DOOM,6hezGXLMcnIRxzXoA7cYiP,FALSE,hip hop
Safed Musli,MF DOOM,7s1n6c0cEwxofxlIHLjDhw,FALSE,hip hop
A Name to the Face,MF DOOM,38tRz5tZ7UmI1IbjDWLBdF,FALSE,hip hop
Wash Your Hands,MF DOOM,3uMo8ddCqcSqANrEMK8IzE,FALSE,hip hop
My Love,MF DOOM,3nQvlkzrkoVbudVgebOskd,FALSE,hip hop
Dawg Friendly,MF DOOM,3mO8uMhiiPTibubQTFiT6h,FALSE,hip hop
Cedar,MF DOOM,5iv1g2p5zoOn2mfqX2nTUz,FALSE,hip hop
White Willow Bark,MF DOOM,5EjG9InZcxcvm24mvHMI9n,FALSE,hip hop
Shadows of Tomorrow,MF DOOM,2DGrID7i8pkoqR2gHxnEHC,FALSE,hip hop
You Understand What I’m Sayin‘?,MF DOOM,0N0Vzzuf33qMzmHCFQPGkV,FALSE,hip hop
Dragon's Blood,MF DOOM,2tDtwhAnAX3EDDYUeizAbN,FALSE,hip hop
Burdock Root,MF DOOM,0aZrzcOVwGp1rv9HGgsw8u,FALSE,hip hop
Pearls,MF DOOM,1qfSNhujVl8A30RgrcOFLm,FALSE,hip hop
Potholderz feat. Count Bass D,MF DOOM,1VZUXXUGqIxePaMUXkabRn,TRUE,hip hop
Patchouly Leaves,MF DOOM,3XSEPSIaPX419N2M0neoFy,FALSE,hip hop
Vinca Rosea,MF DOOM,4qqAEjOvTQBUEfTBbyqn26,FALSE,hip hop
RAP AMBUSH,MF DOOM,0nvC24oZReS7RPAa7HDahp,FALSE,hip hop
You Masked for It,MF DOOM,4oZxLQ4KZnlQ2ZIb8eilNj,FALSE,hip hop
Nautical Depth,MF DOOM,2NyxHxhRXmq1jqCTdvJz7I,FALSE,hip hop
Pause Tape,MF DOOM,4lrFne1l4iPLbJ5NbHhrDD,FALSE,hip hop
ANGELZ,MF DOOM,18JUkS8vwkFlOPlt3IzZ4T,TRUE,hip hop
Sleeping Dogs - Instrumental,MF DOOM,63rOr4FfakLZFeHvIxh86Q,FALSE,hip hop
Kit What's The Scoop,Slick Rick,2M2K9rnLfeDOkYmvckSgTC,FALSE,hip hop
All Alone (No One To Be With),Slick Rick,1e0P4FhjBBMyvO562dLExL,FALSE,hip hop
Children's Story,Slick Rick,15HgR9Ht4obJOcMG4wregp,FALSE,hip hop
Jail Skit,Slick Rick,1CARw3aSn54zRgT7Aofy6a,FALSE,hip hop
Kit (What's The Scoop),Slick Rick,5q5jJPJ8nZnrbxbg6cjeYD,FALSE,hip hop
The Ruler's Back,Slick Rick,4m5vFbIlYzIETki3H6za3E,FALSE,hip hop
2 Way Street,Slick Rick,1u5D1mbiReKFB6p2IBaOEj,FALSE,hip hop
Treat Her Like A Prostitute,Slick Rick,5J5WtCf0505eTmeU6LSVaS,FALSE,hip hop
Mona Lisa,Slick Rick,5JV45IebgbfO3EylYV49rl,FALSE,hip hop
Treat Her Like A Prostitute,Slick Rick,0igwjmMoXOZsm77dfwHZ9C,FALSE,hip hop
Memories,Slick Rick,1pnw1lIXSbvmXbg3JqLn9K,FALSE,hip hop
"Teacher, Teacher",Slick Rick,5Rb69f2QpCJZltdJJnXJxj,FALSE,hip hop
Frozen,Slick Rick,7LnyBS1HnWixXZHhFZW3he,FALSE,hip hop
"A Love That's True, Part 2",Slick Rick,4sbQGUW6ufpHMQh1FmJEP7,FALSE,hip hop
Snakes Of The World Today,Slick Rick,03RGySIFPKRmT0gbrKviTK,FALSE,hip hop
Children's Story - Demo,Slick Rick,4QRyILF0m4S9txEyTGgUyD,FALSE,hip hop
Q-Tip & Peter Gunz Skit,Slick Rick,3AFFJrhGKs4Wsgaj2bfL5e,FALSE,hip hop
Mona Lisa - Demo,Slick Rick,0kz7C1wGuEqpFx2hGIv9Gy,FALSE,hip hop
Moses,Slick Rick,3U2LLx5gvqscfejxgwCrUK,FALSE,hip hop
Hey Young World,Slick Rick,0q29h0PnCnuo7B0xXcg2mp,FALSE,hip hop
Trapped In Me,Slick Rick,3xvKnG91qD7a0NXMyEs4kD,FALSE,hip hop
I'm Captive,Slick Rick,7kkDcdHPH8uLssezcDHtEK,FALSE,hip hop
Adults Only,Slick Rick,7JGQfGgBhxNuf4HmW8nbya,FALSE,hip hop
"Teacher, Teacher",Slick Rick,77S5EqAq3hkVbAepvHkwLy,FALSE,hip hop
Snakes Of The World Today,Slick Rick,71BUJtWtz35RrAdEjPwFOL,FALSE,hip hop
Teenage Love,Slick Rick,4nAukQPJhSwQMCAvRrQnb4,FALSE,hip hop
Metropolis,Slick Rick,4j3dEuy3J6X8z6LXWSgc9G,FALSE,hip hop
Ship,Slick Rick,3aKV2t5ZgNI9iFK97hPcKo,FALSE,hip hop
Mona Lisa,Slick Rick,5xc1DBXmB7MTajxDJ9cJcq,FALSE,hip hop
I Shouldn't Have Done It,Slick Rick,59aNG32udT1AquTsbViscF,FALSE,hip hop
Jail Skit,Slick Rick,2hA0NsxR1Wa3guRJWOkB5E,FALSE,hip hop
"I Own America, Part 2",Slick Rick,0pauRNywn63vhqtrq5RIQY,FALSE,hip hop
Indian Girl (An Adult Story),Slick Rick,4aI8SIgYlGR31syFu7bj39,FALSE,hip hop
Unify,Slick Rick,1cVgA665x3UJAOn7NmrR8A,FALSE,hip hop
It's A Boy,Slick Rick,4eT8MOHlnz15aSwMmmtRj4,FALSE,hip hop
Trapped In Me,Slick Rick,1zGnNCJ2BUlAr99p8oQ18e,FALSE,hip hop
The Moment I Feared,Slick Rick,7qCZ9bpAhGWz7KaQyOkUzO,FALSE,hip hop
Let's Get Crazy,Slick Rick,6I3gEwgOLjyze9WQIG7tzs,FALSE,hip hop
Teenage Love,Slick Rick,3F644VZh6mKJYdH3gSlrjb,FALSE,hip hop
2 Way Street,Slick Rick,4DetmNhzfCnnVI6FZ5qxHU,FALSE,hip hop
Who Rotten 'Em,Slick Rick,1jsqjla8ig5FNK1qRpAI7i,FALSE,hip hop
Midas Touch,Slick Rick,1iyviYarEr2EofaXCDtLOS,FALSE,hip hop
Cuz It's Wrong,Slick Rick,5DPNXjPenhJgf094kTCEqN,FALSE,hip hop
Runaway,Slick Rick,3vWhNbAi76ssQqtUeEPXm3,FALSE,hip hop
Can't Dance To A Track That Ain't Got No Soul,Slick Rick,5grq112i6EusqqzayoSPAG,FALSE,hip hop
Memories,Slick Rick,3k0iriLnkFyg6rHduebGmn,FALSE,hip hop
Bugsy Radio Skit (1),Slick Rick,0z0Zi24m0J5ZntOS1ALw0e,FALSE,hip hop
"I Own America, Part 2",Slick Rick,4bksDlPgdNJYOHli1cCXon,FALSE,hip hop
It's A Boy,Slick Rick,2ZLeag4jNNJvpSdtYV7u2T,FALSE,hip hop
The Don - Don Dada Remix (Explicit Version),Nas,5CEcGvrtcekOjahQikB11n,FALSE,hip hop
Adult Film (ft. Swizz Beatz),Nas,12YsdqzQU8JzxD8PyuqdZ0,FALSE,hip hop
Count Your Blessings,Nas,0kTm6R5uFSU6fVznSh5UfU,FALSE,hip hop
Black Girl Lost (feat. JoJo Hailey),Nas,1rct9wn4TaowW2USO2QhM4,FALSE,hip hop
No Introduction,Nas,2uo28SnqCYEkNzjm1jPRRL,FALSE,hip hop
Daughters,Nas,2cOfceFeMN2YgYaOf3KYJ6,FALSE,hip hop
Slow it Down,Nas,2oOMMKZV7SmCLdjALkOgkA,FALSE,hip hop
Pretty Young Girl,Nas,4RFsIygeG7dipnx0qHowPs,FALSE,hip hop
Project Roach,Nas,3mKk1b1j2WiqlQHTCAbu2f,FALSE,hip hop
Hollywood Gangsta,Nas,2f6vWlmKcmJFBcT6iFamgO,FALSE,hip hop
"The World Is Yours - Live at Webster Hall, NYC - Dec. 17, 2002",Nas,7HPTJaPzaJfcLcgKUfGH1m,TRUE,hip hop
Streets Talkin',Nas,5PE6HaM0C18ANGnmFkF79b,FALSE,hip hop
One Time 4 Your Mind (feat. National Symphony Orchestra) - Live,Nas,2Kl5Su2ojnW0sF6PqPeqCu,FALSE,hip hop
Not Going Back,Nas,7vJJvoWJQceVrjj4zaFUch,FALSE,hip hop
Meet Joe Black,Nas,6DxuDt3ixGmXWKOTwaA2vz,FALSE,hip hop
It Ain't Hard to Tell,Nas,0ySCYRXVugL9xDBecGc0jr,FALSE,hip hop
Never Die (feat. Lil Wayne),Nas,5uTQKPRk3rfOOt97WIHf8f,FALSE,hip hop
Serious Interlude,Nas,3H6ULj4SwNvFIBgMEzjWMP,FALSE,hip hop
Fever,Nas,2Ikg6hRQOa6e29sq5xWhM8,FALSE,hip hop
Office Hours (feat. 50 Cent),Nas,7cXlDCmulkI5UWLCtSjhRF,FALSE,hip hop
Rare,Nas,465eCPwUAz2qz7IdQaxUui,FALSE,hip hop
You Can't Stop Us Now,Nas,2kEbPEMicaB6ouqCcmNmtq,FALSE,hip hop
"Affirmative Action (feat. AZ, Cormega & Foxy Brown)",Nas,4L4WTX2XNTtzAcyHQU9d0G,FALSE,hip hop
The Definition (feat. Brucie B.),Nas,5HCPqll3QeQz3SVCWMxJuC,FALSE,hip hop
Car and Clothes,Nas,3kk5xVRckj6D5SJRewEG3O,FALSE,hip hop
No Introduction,Nas,1gw2OBsVe6TvWxzWTAaHwo,FALSE,hip hop
The Genesis (feat. National Symphony Orchestra) - Live,Nas,2CbSv9Dw5IY03avuaWJbeL,FALSE,hip hop
Blue Bentley,Nas,0PGuW0DxpYnQxrgZdepucX,FALSE,hip hop
Loco-Motive,Nas,7suNOOu3xrgMxDmQxAWGCv,FALSE,hip hop
No Phony Love (feat. Charlie Wilson),Nas,41zVhpZuRDsGYKuxnyGxgV,FALSE,hip hop
Talkin Loud,Nas,1WSral1eFr10pSrWdccBbr,FALSE,hip hop
Speechless,Nas,1N9fCcMU7wCXbNO3EpwPkd,FALSE,hip hop
"The Cross - Live at Webster Hall, NYC - Dec. 17, 2002",Nas,2wqBqy9KuN1UD15WvzKeYu,FALSE,hip hop
Money Over Bullshit,Nas,4CgVADr5mX2tATGxVemeRm,FALSE,hip hop
Don't Talk,Nas,3JiGnXAkY3d0M6Hsi6LTQ0,FALSE,hip hop
Halftime,Nas,33BkKAyogx7YXVWdrUlr76,FALSE,hip hop
"One Mic, One Gun",Nas,6UAFvSKQd81V0fFlC8bHEW,FALSE,hip hop
Hip Hop Is Dead,Nas,5z37OkOEzss0a6F5bxjlkS,FALSE,hip hop
Stay,Nas,3xY4TcsCUR8q0J1NgL8QK3,FALSE,hip hop
"Intro - Live at Webster Hall, NYC - Dec. 17, 2002",Nas,37qiI9UYhj30JETjKP03cj,FALSE,hip hop
Get Light,Nas,3iuBfAec9qN2UylQv9NcKR,FALSE,hip hop
Michael & Quincy,Nas,5MfCvL6jCTkxPCBQf3OkYH,FALSE,hip hop
Who Killed It?,Nas,7D3Q7QFN6aUuIMewijFtjl,FALSE,hip hop
Black President,Nas,6sUCli0KetwIaiQLGEcB2a,FALSE,hip hop
Can't Forget About You,Nas,112VBGcsRD3hi8sFJFUiw6,FALSE,hip hop
Zone Out (feat. Bravehearts),Nas,6LZnxCxeFDh8H2PvQGZmNR,FALSE,hip hop
You Wouldn't Understand,Nas,216wexj9KKFX7mdm0Uw7P4,FALSE,hip hop
Wave Gods,Nas,14246VCxRDGZHqlMlqWSz4,FALSE,hip hop
"Made You Look (Remix) (feat. Jadakiss & Ludacris) - Live at Webster Hall, NYC - Dec. 17, 2002",Nas,2gqdMle5JUnLIlzIEhiEL8,FALSE,hip hop
